email1,email2,topicid
Albert_Carey@msn.com,Alex_Carey@gmail.com,6
Albert_Carey@msn.com,Alex_Keit@gmail.com,6
Albert_Carey@msn.com,Alex_Peterson@gmail.com,6
Albert_Carey@msn.com,Bruno_Li@msn.com,6
Albert_Carey@msn.com,Bruno_Lomet@gmail.com,6
Albert_Carey@msn.com,Elena_Chrysler@msn.com,6
Albert_Carey@msn.com,Emma_Goldstein@yahoo.com,6
Albert_Carey@msn.com,Emma_Smith@hotmail.com,6
Albert_Carey@msn.com,Erie_DSouza@hotmail.com,6
Albert_Carey@msn.com,George_Lomet@msn.com,6
Albert_Carey@msn.com,Gina_Carey@gmail.com,6
Albert_Carey@msn.com,Mandy_Smith@gmail.com,6
Albert_Carey@msn.com,Mandy_Wood@msn.com,6
Albert_Carey@msn.com,Mary_Smith@gmail.com,6
Albert_Carey@msn.com,Monica_Lomet@hotmail.com,6
Albert_Carey@msn.com,Monica_Toddbridge@gmail.com,6
Albert_Carey@msn.com,Nadir_Wood@msn.com,6
Albert_Carey@msn.com,Roger_Lomet@msn.com,6
Albert_Carey@msn.com,Sam_DSouza@msn.com,6
Albert_Carey@msn.com,Sam_Helibron@yahoo.com,6
Albert_Carey@msn.com,Sarena_Carey@hotmail.com,6
Albert_Carey@msn.com,Sarena_Li@gmail.com,6
Albert_Carey@msn.com,Tom_Carey@msn.com,6
Albert_Carey@msn.com,Albert_Helibron@yahoo.com,8
Albert_Carey@msn.com,Albert_Karipova@gmail.com,8
Albert_Carey@msn.com,Albert_Li@gmail.com,8
Albert_Carey@msn.com,Alex_Carey@gmail.com,8
Albert_Carey@msn.com,Alex_Keit@gmail.com,8
Albert_Carey@msn.com,Betty_Wood@yahoo.com,8
Albert_Carey@msn.com,Bruno_Karipova@yahoo.com,8
Albert_Carey@msn.com,Charles_DSouza@gmail.com,8
Albert_Carey@msn.com,Christy_Helibron@hotmail.com,8
Albert_Carey@msn.com,Christy_Li@msn.com,8
Albert_Carey@msn.com,Christy_Lomet@yahoo.com,8
Albert_Carey@msn.com,Elena_Chrysler@msn.com,8
Albert_Carey@msn.com,Gabriela_Li@hotmail.com,8
Albert_Carey@msn.com,George_Goldstein@gmail.com,8
Albert_Carey@msn.com,Gina_Helibron@gmail.com,8
Albert_Carey@msn.com,Gina_Toddbridge@msn.com,8
Albert_Carey@msn.com,Mandy_Wood@msn.com,8
Albert_Carey@msn.com,Mary_Smith@gmail.com,8
Albert_Carey@msn.com,Nadir_Helibron@gmail.com,8
Albert_Carey@msn.com,Nadir_Wood@msn.com,8
Albert_Carey@msn.com,Roger_Carey@msn.com,8
Albert_Carey@msn.com,Roger_Larson@yahoo.com,8
Albert_Carey@msn.com,Roger_Lomet@msn.com,8
Albert_Carey@msn.com,Sam_DSouza@msn.com,8
Albert_Carey@msn.com,Sam_Peterson@hotmail.com,8
Albert_Carey@msn.com,Sarena_Carey@hotmail.com,8
Albert_Carey@msn.com,Albert_Helibron@yahoo.com,9
Albert_Carey@msn.com,Albert_Karipova@gmail.com,9
Albert_Carey@msn.com,Betty_Wood@yahoo.com,9
Albert_Carey@msn.com,Bruno_Lomet@gmail.com,9
Albert_Carey@msn.com,Celina_Larson@yahoo.com,9
Albert_Carey@msn.com,Charles_DSouza@gmail.com,9
Albert_Carey@msn.com,Charles_Parker@msn.com,9
Albert_Carey@msn.com,Christy_Lomet@yahoo.com,9
Albert_Carey@msn.com,Denny_Goldstein@msn.com,9
Albert_Carey@msn.com,Emma_Goldstein@yahoo.com,9
Albert_Carey@msn.com,Gabriela_Li@hotmail.com,9
Albert_Carey@msn.com,George_Goldstein@gmail.com,9
Albert_Carey@msn.com,Gina_Carey@gmail.com,9
Albert_Carey@msn.com,Jeremy_Carey@msn.com,9
Albert_Carey@msn.com,Jeremy_Goldstein@hotmail.com,9
Albert_Carey@msn.com,John_Wood@yahoo.com,9
Albert_Carey@msn.com,Kitty_Helibron@hotmail.com,9
Albert_Carey@msn.com,Mary_Smith@gmail.com,9
Albert_Carey@msn.com,Monica_Lomet@hotmail.com,9
Albert_Carey@msn.com,Nadir_Toddbridge@hotmail.com,9
Albert_Carey@msn.com,Roger_Carey@msn.com,9
Albert_Carey@msn.com,Roger_Larson@yahoo.com,9
Albert_Carey@msn.com,Sam_Li@msn.com,9
Albert_Carey@msn.com,Sarena_Carey@hotmail.com,9
Albert_Helibron@yahoo.com,Albert_Li@gmail.com,2
Albert_Helibron@yahoo.com,Alex_Carey@gmail.com,2
Albert_Helibron@yahoo.com,Bruno_Keit@gmail.com,2
Albert_Helibron@yahoo.com,Bruno_Lomet@gmail.com,2
Albert_Helibron@yahoo.com,Bruno_Smith@msn.com,2
Albert_Helibron@yahoo.com,Celina_Parker@gmail.com,2
Albert_Helibron@yahoo.com,Elena_Chrysler@msn.com,2
Albert_Helibron@yahoo.com,Elena_DSouza@gmail.com,2
Albert_Helibron@yahoo.com,Emma_Goldstein@yahoo.com,2
Albert_Helibron@yahoo.com,Emma_Smith@hotmail.com,2
Albert_Helibron@yahoo.com,Gina_Parker@hotmail.com,2
Albert_Helibron@yahoo.com,Jeremy_Carey@msn.com,2
Albert_Helibron@yahoo.com,John_Wood@yahoo.com,2
Albert_Helibron@yahoo.com,Kitty_Toddbridge@msn.com,2
Albert_Helibron@yahoo.com,Monica_Toddbridge@gmail.com,2
Albert_Helibron@yahoo.com,Nadir_Helibron@gmail.com,2
Albert_Helibron@yahoo.com,Sam_Helibron@yahoo.com,2
Albert_Helibron@yahoo.com,Sarena_Carey@hotmail.com,2
Albert_Helibron@yahoo.com,Sarena_DSouza@msn.com,2
Albert_Helibron@yahoo.com,Sarena_Li@gmail.com,2
Albert_Helibron@yahoo.com,Tina_Keit@msn.com,2
Albert_Helibron@yahoo.com,Tom_Wood@msn.com,2
Albert_Helibron@yahoo.com,Albert_Karipova@gmail.com,8
Albert_Helibron@yahoo.com,Albert_Li@gmail.com,8
Albert_Helibron@yahoo.com,Alex_Carey@gmail.com,8
Albert_Helibron@yahoo.com,Betty_Wood@yahoo.com,8
Albert_Helibron@yahoo.com,Charles_DSouza@gmail.com,8
Albert_Helibron@yahoo.com,Charles_Peterson@msn.com,8
Albert_Helibron@yahoo.com,Christy_Helibron@hotmail.com,8
Albert_Helibron@yahoo.com,Christy_Lomet@yahoo.com,8
Albert_Helibron@yahoo.com,Denny_Karipova@yahoo.com,8
Albert_Helibron@yahoo.com,Denny_Keit@yahoo.com,8
Albert_Helibron@yahoo.com,Elena_Chrysler@msn.com,8
Albert_Helibron@yahoo.com,Gabriela_Li@hotmail.com,8
Albert_Helibron@yahoo.com,George_Goldstein@gmail.com,8
Albert_Helibron@yahoo.com,Gina_Helibron@gmail.com,8
Albert_Helibron@yahoo.com,Gina_Parker@hotmail.com,8
Albert_Helibron@yahoo.com,Gina_Toddbridge@msn.com,8
Albert_Helibron@yahoo.com,John_Parker@yahoo.com,8
Albert_Helibron@yahoo.com,Mandy_Wood@msn.com,8
Albert_Helibron@yahoo.com,Mary_Smith@gmail.com,8
Albert_Helibron@yahoo.com,Nadir_Helibron@gmail.com,8
Albert_Helibron@yahoo.com,Nadir_Wood@msn.com,8
Albert_Helibron@yahoo.com,Roger_Larson@yahoo.com,8
Albert_Helibron@yahoo.com,Roger_Lomet@msn.com,8
Albert_Helibron@yahoo.com,Sam_DSouza@msn.com,8
Albert_Helibron@yahoo.com,Sam_Peterson@hotmail.com,8
Albert_Helibron@yahoo.com,Sarena_Carey@hotmail.com,8
Albert_Helibron@yahoo.com,Sarena_DSouza@msn.com,8
Albert_Helibron@yahoo.com,Albert_Karipova@gmail.com,9
Albert_Helibron@yahoo.com,Alex_Larson@gmail.com,9
Albert_Helibron@yahoo.com,Betty_Wood@yahoo.com,9
Albert_Helibron@yahoo.com,Bruno_Lomet@gmail.com,9
Albert_Helibron@yahoo.com,Bruno_Parker@hotmail.com,9
Albert_Helibron@yahoo.com,Celina_Larson@yahoo.com,9
Albert_Helibron@yahoo.com,Celina_Toddbridge@gmail.com,9
Albert_Helibron@yahoo.com,Charles_DSouza@gmail.com,9
Albert_Helibron@yahoo.com,Charles_Karipova@msn.com,9
Albert_Helibron@yahoo.com,Charles_Parker@msn.com,9
Albert_Helibron@yahoo.com,Charles_Peterson@msn.com,9
Albert_Helibron@yahoo.com,Christy_Lomet@yahoo.com,9
Albert_Helibron@yahoo.com,Emma_Goldstein@yahoo.com,9
Albert_Helibron@yahoo.com,Erie_Karipova@msn.com,9
Albert_Helibron@yahoo.com,Gabriela_Li@hotmail.com,9
Albert_Helibron@yahoo.com,George_Goldstein@gmail.com,9
Albert_Helibron@yahoo.com,Gina_Carey@gmail.com,9
Albert_Helibron@yahoo.com,Jeremy_Carey@msn.com,9
Albert_Helibron@yahoo.com,Jeremy_Goldstein@hotmail.com,9
Albert_Helibron@yahoo.com,John_Wood@yahoo.com,9
Albert_Helibron@yahoo.com,Kitty_Helibron@hotmail.com,9
Albert_Helibron@yahoo.com,Mary_Smith@gmail.com,9
Albert_Helibron@yahoo.com,Monica_Lomet@hotmail.com,9
Albert_Helibron@yahoo.com,Nadir_Toddbridge@hotmail.com,9
Albert_Helibron@yahoo.com,Roger_Larson@yahoo.com,9
Albert_Helibron@yahoo.com,Sarena_Carey@hotmail.com,9
Albert_Karipova@gmail.com,Albert_Larson@hotmail.com,1
Albert_Karipova@gmail.com,Albert_Li@gmail.com,1
Albert_Karipova@gmail.com,Alex_Larson@gmail.com,1
Albert_Karipova@gmail.com,Alex_Peterson@gmail.com,1
Albert_Karipova@gmail.com,Bruno_Karipova@yahoo.com,1
Albert_Karipova@gmail.com,Bruno_Parker@hotmail.com,1
Albert_Karipova@gmail.com,Charles_Karipova@msn.com,1
Albert_Karipova@gmail.com,Charles_Parker@msn.com,1
Albert_Karipova@gmail.com,Charles_Peterson@msn.com,1
Albert_Karipova@gmail.com,Denny_Goldstein@msn.com,1
Albert_Karipova@gmail.com,Denny_Toddbridge@hotmail.com,1
Albert_Karipova@gmail.com,Elena_DSouza@gmail.com,1
Albert_Karipova@gmail.com,Emma_Goldstein@yahoo.com,1
Albert_Karipova@gmail.com,Emma_Parker@hotmail.com,1
Albert_Karipova@gmail.com,Gabriela_Li@hotmail.com,1
Albert_Karipova@gmail.com,George_Parker@hotmail.com,1
Albert_Karipova@gmail.com,Gina_Larson@msn.com,1
Albert_Karipova@gmail.com,Jeremy_Carey@msn.com,1
Albert_Karipova@gmail.com,Jeremy_Goldstein@hotmail.com,1
Albert_Karipova@gmail.com,Jeremy_Parker@msn.com,1
Albert_Karipova@gmail.com,John_Parker@yahoo.com,1
Albert_Karipova@gmail.com,Mandy_Wood@msn.com,1
Albert_Karipova@gmail.com,Monica_DSouza@msn.com,1
Albert_Karipova@gmail.com,Monica_Keit@yahoo.com,1
Albert_Karipova@gmail.com,Monica_Lomet@hotmail.com,1
Albert_Karipova@gmail.com,Nadir_Karipova@msn.com,1
Albert_Karipova@gmail.com,Nadir_Li@gmail.com,1
Albert_Karipova@gmail.com,Roger_Larson@yahoo.com,1
Albert_Karipova@gmail.com,Sam_Goldstein@yahoo.com,1
Albert_Karipova@gmail.com,Tina_Keit@msn.com,1
Albert_Karipova@gmail.com,Tom_Chrysler@gmail.com,1
Albert_Karipova@gmail.com,Tom_Wood@msn.com,1
Albert_Karipova@gmail.com,Albert_Li@gmail.com,8
Albert_Karipova@gmail.com,Alex_Keit@gmail.com,8
Albert_Karipova@gmail.com,Bruno_Karipova@yahoo.com,8
Albert_Karipova@gmail.com,Charles_Peterson@msn.com,8
Albert_Karipova@gmail.com,Christy_Helibron@hotmail.com,8
Albert_Karipova@gmail.com,Christy_Li@msn.com,8
Albert_Karipova@gmail.com,Christy_Lomet@yahoo.com,8
Albert_Karipova@gmail.com,Denny_Karipova@yahoo.com,8
Albert_Karipova@gmail.com,Gabriela_Li@hotmail.com,8
Albert_Karipova@gmail.com,Gina_Helibron@gmail.com,8
Albert_Karipova@gmail.com,Gina_Parker@hotmail.com,8
Albert_Karipova@gmail.com,Gina_Toddbridge@msn.com,8
Albert_Karipova@gmail.com,John_Parker@yahoo.com,8
Albert_Karipova@gmail.com,Mandy_Wood@msn.com,8
Albert_Karipova@gmail.com,Mary_Smith@gmail.com,8
Albert_Karipova@gmail.com,Nadir_Helibron@gmail.com,8
Albert_Karipova@gmail.com,Nadir_Wood@msn.com,8
Albert_Karipova@gmail.com,Roger_Carey@msn.com,8
Albert_Karipova@gmail.com,Roger_Larson@yahoo.com,8
Albert_Karipova@gmail.com,Roger_Lomet@msn.com,8
Albert_Karipova@gmail.com,Sam_DSouza@msn.com,8
Albert_Karipova@gmail.com,Sarena_DSouza@msn.com,8
Albert_Karipova@gmail.com,Alex_Larson@gmail.com,9
Albert_Karipova@gmail.com,Bruno_Lomet@gmail.com,9
Albert_Karipova@gmail.com,Bruno_Parker@hotmail.com,9
Albert_Karipova@gmail.com,Charles_Karipova@msn.com,9
Albert_Karipova@gmail.com,Charles_Parker@msn.com,9
Albert_Karipova@gmail.com,Charles_Peterson@msn.com,9
Albert_Karipova@gmail.com,Christy_Lomet@yahoo.com,9
Albert_Karipova@gmail.com,Denny_Goldstein@msn.com,9
Albert_Karipova@gmail.com,Emma_Goldstein@yahoo.com,9
Albert_Karipova@gmail.com,Erie_Karipova@msn.com,9
Albert_Karipova@gmail.com,Gabriela_Li@hotmail.com,9
Albert_Karipova@gmail.com,Gina_Carey@gmail.com,9
Albert_Karipova@gmail.com,Jeremy_Carey@msn.com,9
Albert_Karipova@gmail.com,Jeremy_Goldstein@hotmail.com,9
Albert_Karipova@gmail.com,John_Wood@yahoo.com,9
Albert_Karipova@gmail.com,Kitty_Helibron@hotmail.com,9
Albert_Karipova@gmail.com,Mary_Smith@gmail.com,9
Albert_Karipova@gmail.com,Monica_Lomet@hotmail.com,9
Albert_Karipova@gmail.com,Nadir_Toddbridge@hotmail.com,9
Albert_Karipova@gmail.com,Roger_Carey@msn.com,9
Albert_Karipova@gmail.com,Roger_Larson@yahoo.com,9
Albert_Karipova@gmail.com,Sam_Li@msn.com,9
Albert_Larson@hotmail.com,Albert_Li@gmail.com,1
Albert_Larson@hotmail.com,Alex_Larson@gmail.com,1
Albert_Larson@hotmail.com,Alex_Peterson@gmail.com,1
Albert_Larson@hotmail.com,Bruno_Karipova@yahoo.com,1
Albert_Larson@hotmail.com,Charles_Karipova@msn.com,1
Albert_Larson@hotmail.com,Charles_Parker@msn.com,1
Albert_Larson@hotmail.com,Charles_Peterson@msn.com,1
Albert_Larson@hotmail.com,David_Parker@msn.com,1
Albert_Larson@hotmail.com,Denny_Goldstein@msn.com,1
Albert_Larson@hotmail.com,Denny_Keit@yahoo.com,1
Albert_Larson@hotmail.com,Denny_Toddbridge@hotmail.com,1
Albert_Larson@hotmail.com,Elena_DSouza@gmail.com,1
Albert_Larson@hotmail.com,Emma_Goldstein@yahoo.com,1
Albert_Larson@hotmail.com,Emma_Parker@hotmail.com,1
Albert_Larson@hotmail.com,Gabriela_Li@hotmail.com,1
Albert_Larson@hotmail.com,George_Parker@hotmail.com,1
Albert_Larson@hotmail.com,Gina_Larson@msn.com,1
Albert_Larson@hotmail.com,Jeremy_Goldstein@hotmail.com,1
Albert_Larson@hotmail.com,John_Parker@yahoo.com,1
Albert_Larson@hotmail.com,Mandy_Wood@msn.com,1
Albert_Larson@hotmail.com,Monica_Keit@yahoo.com,1
Albert_Larson@hotmail.com,Monica_Lomet@hotmail.com,1
Albert_Larson@hotmail.com,Nadir_Karipova@msn.com,1
Albert_Larson@hotmail.com,Nadir_Li@gmail.com,1
Albert_Larson@hotmail.com,Sam_Goldstein@yahoo.com,1
Albert_Larson@hotmail.com,Sam_Larson@yahoo.com,1
Albert_Larson@hotmail.com,Sam_Peterson@hotmail.com,1
Albert_Larson@hotmail.com,Tina_Keit@msn.com,1
Albert_Larson@hotmail.com,Tom_Chrysler@gmail.com,1
Albert_Larson@hotmail.com,Tom_Wood@msn.com,1
Albert_Larson@hotmail.com,Alex_Carey@gmail.com,3
Albert_Larson@hotmail.com,Betty_Helibron@yahoo.com,3
Albert_Larson@hotmail.com,Betty_Lomet@yahoo.com,3
Albert_Larson@hotmail.com,Bruno_Karipova@yahoo.com,3
Albert_Larson@hotmail.com,Bruno_Smith@msn.com,3
Albert_Larson@hotmail.com,Celina_Parker@gmail.com,3
Albert_Larson@hotmail.com,Denny_Goldstein@msn.com,3
Albert_Larson@hotmail.com,Elena_DSouza@gmail.com,3
Albert_Larson@hotmail.com,Elena_Parker@yahoo.com,3
Albert_Larson@hotmail.com,Emma_DSouza@msn.com,3
Albert_Larson@hotmail.com,Erie_DSouza@hotmail.com,3
Albert_Larson@hotmail.com,George_Smith@hotmail.com,3
Albert_Larson@hotmail.com,Gina_Carey@gmail.com,3
Albert_Larson@hotmail.com,Gina_Smith@msn.com,3
Albert_Larson@hotmail.com,Mike_Keit@hotmail.com,3
Albert_Larson@hotmail.com,Monica_Lomet@hotmail.com,3
Albert_Larson@hotmail.com,Monica_Toddbridge@gmail.com,3
Albert_Larson@hotmail.com,Nadir_Helibron@gmail.com,3
Albert_Larson@hotmail.com,Nadir_Karipova@msn.com,3
Albert_Larson@hotmail.com,Nadir_Li@gmail.com,3
Albert_Larson@hotmail.com,Peter_Keit@msn.com,3
Albert_Larson@hotmail.com,Roger_Carey@msn.com,3
Albert_Larson@hotmail.com,Roger_DSouza@yahoo.com,3
Albert_Larson@hotmail.com,Sam_Helibron@yahoo.com,3
Albert_Larson@hotmail.com,Sam_Larson@yahoo.com,3
Albert_Larson@hotmail.com,Tina_Keit@msn.com,3
Albert_Li@gmail.com,Alex_Carey@gmail.com,8
Albert_Li@gmail.com,Betty_Wood@yahoo.com,8
Albert_Li@gmail.com,Bruno_Karipova@yahoo.com,8
Albert_Li@gmail.com,Charles_DSouza@gmail.com,8
Albert_Li@gmail.com,Charles_Peterson@msn.com,8
Albert_Li@gmail.com,Christy_Li@msn.com,8
Albert_Li@gmail.com,Denny_Karipova@yahoo.com,8
Albert_Li@gmail.com,Denny_Keit@yahoo.com,8
Albert_Li@gmail.com,Elena_Chrysler@msn.com,8
Albert_Li@gmail.com,Gabriela_Li@hotmail.com,8
Albert_Li@gmail.com,George_Goldstein@gmail.com,8
Albert_Li@gmail.com,Gina_Toddbridge@msn.com,8
Albert_Li@gmail.com,John_Parker@yahoo.com,8
Albert_Li@gmail.com,Mary_Smith@gmail.com,8
Albert_Li@gmail.com,Nadir_Helibron@gmail.com,8
Albert_Li@gmail.com,Nadir_Wood@msn.com,8
Albert_Li@gmail.com,Roger_Carey@msn.com,8
Albert_Li@gmail.com,Roger_Larson@yahoo.com,8
Albert_Li@gmail.com,Roger_Lomet@msn.com,8
Albert_Li@gmail.com,Sam_DSouza@msn.com,8
Albert_Li@gmail.com,Sarena_Carey@hotmail.com,8
Albert_Li@gmail.com,Sarena_DSouza@msn.com,8
Albert_Smith@msn.com,Alex_Keit@gmail.com,5
Albert_Smith@msn.com,Betty_Wood@yahoo.com,5
Albert_Smith@msn.com,Bruno_Li@msn.com,5
Albert_Smith@msn.com,Charles_Chrysler@yahoo.com,5
Albert_Smith@msn.com,Charles_DSouza@gmail.com,5
Albert_Smith@msn.com,David_Parker@msn.com,5
Albert_Smith@msn.com,Denny_Larson@yahoo.com,5
Albert_Smith@msn.com,Elena_Chrysler@msn.com,5
Albert_Smith@msn.com,Elena_Parker@yahoo.com,5
Albert_Smith@msn.com,George_Lomet@msn.com,5
Albert_Smith@msn.com,Gina_Parker@hotmail.com,5
Albert_Smith@msn.com,Gina_Smith@msn.com,5
Albert_Smith@msn.com,John_Chrysler@hotmail.com,5
Albert_Smith@msn.com,Mike_Keit@hotmail.com,5
Albert_Smith@msn.com,Monica_Keit@yahoo.com,5
Albert_Smith@msn.com,Monica_Lomet@hotmail.com,5
Albert_Smith@msn.com,Peter_Keit@msn.com,5
Albert_Smith@msn.com,Roger_DSouza@yahoo.com,5
Albert_Smith@msn.com,Sam_Peterson@hotmail.com,5
Albert_Smith@msn.com,Sarena_Li@gmail.com,5
Albert_Smith@msn.com,Alex_Carey@gmail.com,6
Albert_Smith@msn.com,Alex_Keit@gmail.com,6
Albert_Smith@msn.com,Alex_Peterson@gmail.com,6
Albert_Smith@msn.com,Bruno_Keit@gmail.com,6
Albert_Smith@msn.com,Bruno_Li@msn.com,6
Albert_Smith@msn.com,Bruno_Lomet@gmail.com,6
Albert_Smith@msn.com,Bruno_Parker@hotmail.com,6
Albert_Smith@msn.com,David_Parker@msn.com,6
Albert_Smith@msn.com,Denny_Karipova@yahoo.com,6
Albert_Smith@msn.com,Elena_Chrysler@msn.com,6
Albert_Smith@msn.com,Erie_DSouza@hotmail.com,6
Albert_Smith@msn.com,George_Lomet@msn.com,6
Albert_Smith@msn.com,Gina_Carey@gmail.com,6
Albert_Smith@msn.com,Mandy_Smith@gmail.com,6
Albert_Smith@msn.com,Mandy_Wood@msn.com,6
Albert_Smith@msn.com,Mary_Smith@gmail.com,6
Albert_Smith@msn.com,Monica_Lomet@hotmail.com,6
Albert_Smith@msn.com,Monica_Toddbridge@gmail.com,6
Albert_Smith@msn.com,Nadir_Karipova@msn.com,6
Albert_Smith@msn.com,Roger_Lomet@msn.com,6
Albert_Smith@msn.com,Sam_Helibron@yahoo.com,6
Albert_Smith@msn.com,Sarena_Carey@hotmail.com,6
Albert_Smith@msn.com,Sarena_Li@gmail.com,6
Albert_Li@gmail.com,Alex_Carey@gmail.com,2
Alex_Carey@gmail.com,Betty_Chrysler@yahoo.com,2
Alex_Carey@gmail.com,Bruno_Keit@gmail.com,2
Alex_Carey@gmail.com,Bruno_Smith@msn.com,2
Alex_Carey@gmail.com,Celina_Parker@gmail.com,2
Alex_Carey@gmail.com,Christy_Li@msn.com,2
Alex_Carey@gmail.com,Denny_Goldstein@msn.com,2
Alex_Carey@gmail.com,Elena_Chrysler@msn.com,2
Alex_Carey@gmail.com,Elena_DSouza@gmail.com,2
Alex_Carey@gmail.com,Emma_DSouza@msn.com,2
Alex_Carey@gmail.com,Emma_Goldstein@yahoo.com,2
Alex_Carey@gmail.com,Emma_Smith@hotmail.com,2
Alex_Carey@gmail.com,Gina_Parker@hotmail.com,2
Alex_Carey@gmail.com,Jeremy_Carey@msn.com,2
Alex_Carey@gmail.com,John_Wood@yahoo.com,2
Alex_Carey@gmail.com,Kitty_Toddbridge@msn.com,2
Alex_Carey@gmail.com,Monica_Toddbridge@gmail.com,2
Alex_Carey@gmail.com,Nadir_Helibron@gmail.com,2
Alex_Carey@gmail.com,Nadir_Li@gmail.com,2
Alex_Carey@gmail.com,Peter_Karipova@hotmail.com,2
Alex_Carey@gmail.com,Roger_Carey@msn.com,2
Alex_Carey@gmail.com,Sam_Helibron@yahoo.com,2
Alex_Carey@gmail.com,Sam_Li@msn.com,2
Alex_Carey@gmail.com,Tina_Keit@msn.com,2
Alex_Carey@gmail.com,Tom_Wood@msn.com,2
Alex_Carey@gmail.com,Bruno_Keit@gmail.com,7
Alex_Carey@gmail.com,Bruno_Parker@hotmail.com,7
Alex_Carey@gmail.com,Bruno_Smith@msn.com,7
Alex_Carey@gmail.com,Celina_Toddbridge@gmail.com,7
Alex_Carey@gmail.com,Charles_Karipova@msn.com,7
Alex_Carey@gmail.com,Charles_Peterson@msn.com,7
Alex_Carey@gmail.com,Christy_Li@msn.com,7
Alex_Carey@gmail.com,Denny_Goldstein@msn.com,7
Alex_Carey@gmail.com,Denny_Keit@yahoo.com,7
Alex_Carey@gmail.com,Elena_Chrysler@msn.com,7
Alex_Carey@gmail.com,Elena_Parker@yahoo.com,7
Alex_Carey@gmail.com,Emma_DSouza@msn.com,7
Alex_Carey@gmail.com,Emma_Goldstein@yahoo.com,7
Alex_Carey@gmail.com,George_Lomet@msn.com,7
Alex_Carey@gmail.com,George_Parker@hotmail.com,7
Alex_Carey@gmail.com,Gina_Parker@hotmail.com,7
Alex_Carey@gmail.com,Jeremy_Parker@msn.com,7
Alex_Carey@gmail.com,Kitty_Helibron@hotmail.com,7
Alex_Carey@gmail.com,Kitty_Toddbridge@msn.com,7
Alex_Carey@gmail.com,Monica_DSouza@msn.com,7
Alex_Carey@gmail.com,Monica_Toddbridge@gmail.com,7
Alex_Carey@gmail.com,Roger_DSouza@yahoo.com,7
Alex_Carey@gmail.com,Tina_Keit@msn.com,7
Albert_Karipova@gmail.com,Alex_Carey@gmail.com,8
Alex_Carey@gmail.com,Alex_Keit@gmail.com,8
Alex_Carey@gmail.com,Betty_Wood@yahoo.com,8
Alex_Carey@gmail.com,Bruno_Karipova@yahoo.com,8
Alex_Carey@gmail.com,Charles_DSouza@gmail.com,8
Alex_Carey@gmail.com,Charles_Peterson@msn.com,8
Alex_Carey@gmail.com,Christy_Helibron@hotmail.com,8
Alex_Carey@gmail.com,Christy_Li@msn.com,8
Alex_Carey@gmail.com,Denny_Karipova@yahoo.com,8
Alex_Carey@gmail.com,Denny_Keit@yahoo.com,8
Alex_Carey@gmail.com,Elena_Chrysler@msn.com,8
Alex_Carey@gmail.com,Gabriela_Li@hotmail.com,8
Alex_Carey@gmail.com,Gina_Parker@hotmail.com,8
Alex_Carey@gmail.com,Gina_Toddbridge@msn.com,8
Alex_Carey@gmail.com,John_Parker@yahoo.com,8
Alex_Carey@gmail.com,Nadir_Helibron@gmail.com,8
Alex_Carey@gmail.com,Nadir_Wood@msn.com,8
Alex_Carey@gmail.com,Roger_Carey@msn.com,8
Alex_Carey@gmail.com,Roger_Larson@yahoo.com,8
Alex_Carey@gmail.com,Roger_Lomet@msn.com,8
Alex_Carey@gmail.com,Sam_DSouza@msn.com,8
Alex_Keit@gmail.com,Alex_Peterson@gmail.com,4
Alex_Keit@gmail.com,Alex_Wood@yahoo.com,4
Alex_Keit@gmail.com,Betty_Wood@yahoo.com,4
Alex_Keit@gmail.com,Bruno_Karipova@yahoo.com,4
Alex_Keit@gmail.com,Bruno_Keit@gmail.com,4
Alex_Keit@gmail.com,Bruno_Li@msn.com,4
Alex_Keit@gmail.com,Bruno_Lomet@gmail.com,4
Alex_Keit@gmail.com,Celina_Larson@yahoo.com,4
Alex_Keit@gmail.com,Charles_Parker@msn.com,4
Alex_Keit@gmail.com,David_Parker@msn.com,4
Alex_Keit@gmail.com,Elena_DSouza@gmail.com,4
Alex_Keit@gmail.com,Emma_Smith@hotmail.com,4
Alex_Keit@gmail.com,Erie_DSouza@hotmail.com,4
Alex_Keit@gmail.com,Gabriela_Li@hotmail.com,4
Alex_Keit@gmail.com,George_Parker@hotmail.com,4
Alex_Keit@gmail.com,Gina_Larson@msn.com,4
Alex_Keit@gmail.com,Jeremy_Goldstein@hotmail.com,4
Alex_Keit@gmail.com,John_Parker@yahoo.com,4
Alex_Keit@gmail.com,John_Wood@yahoo.com,4
Alex_Keit@gmail.com,Kitty_Toddbridge@msn.com,4
Alex_Keit@gmail.com,Mandy_Smith@gmail.com,4
Alex_Keit@gmail.com,Monica_DSouza@msn.com,4
Alex_Keit@gmail.com,Monica_Lomet@hotmail.com,4
Alex_Keit@gmail.com,Nadir_Goldstein@yahoo.com,4
Alex_Keit@gmail.com,Peter_Karipova@hotmail.com,4
Alex_Keit@gmail.com,Sam_DSouza@msn.com,4
Alex_Keit@gmail.com,Sam_Helibron@yahoo.com,4
Alex_Keit@gmail.com,Tom_Wood@msn.com,4
Albert_Helibron@yahoo.com,Alex_Keit@gmail.com,8
Albert_Li@gmail.com,Alex_Keit@gmail.com,8
Alex_Keit@gmail.com,Betty_Wood@yahoo.com,8
Alex_Keit@gmail.com,Bruno_Karipova@yahoo.com,8
Alex_Keit@gmail.com,Charles_DSouza@gmail.com,8
Alex_Keit@gmail.com,Charles_Peterson@msn.com,8
Alex_Keit@gmail.com,Christy_Helibron@hotmail.com,8
Alex_Keit@gmail.com,Christy_Li@msn.com,8
Alex_Keit@gmail.com,Denny_Karipova@yahoo.com,8
Alex_Keit@gmail.com,Denny_Keit@yahoo.com,8
Alex_Keit@gmail.com,Elena_Chrysler@msn.com,8
Alex_Keit@gmail.com,Gabriela_Li@hotmail.com,8
Alex_Keit@gmail.com,George_Goldstein@gmail.com,8
Alex_Keit@gmail.com,Gina_Helibron@gmail.com,8
Alex_Keit@gmail.com,Gina_Toddbridge@msn.com,8
Alex_Keit@gmail.com,John_Parker@yahoo.com,8
Alex_Keit@gmail.com,Nadir_Wood@msn.com,8
Alex_Keit@gmail.com,Roger_Carey@msn.com,8
Alex_Keit@gmail.com,Roger_Larson@yahoo.com,8
Alex_Keit@gmail.com,Roger_Lomet@msn.com,8
Alex_Keit@gmail.com,Sam_DSouza@msn.com,8
Alex_Keit@gmail.com,Sam_Peterson@hotmail.com,8
Alex_Keit@gmail.com,Sarena_DSouza@msn.com,8
Albert_Li@gmail.com,Alex_Larson@gmail.com,1
Alex_Larson@gmail.com,Alex_Peterson@gmail.com,1
Alex_Larson@gmail.com,Bruno_Karipova@yahoo.com,1
Alex_Larson@gmail.com,Charles_Karipova@msn.com,1
Alex_Larson@gmail.com,Charles_Parker@msn.com,1
Alex_Larson@gmail.com,Charles_Peterson@msn.com,1
Alex_Larson@gmail.com,David_Parker@msn.com,1
Alex_Larson@gmail.com,Denny_Goldstein@msn.com,1
Alex_Larson@gmail.com,Denny_Keit@yahoo.com,1
Alex_Larson@gmail.com,Elena_DSouza@gmail.com,1
Alex_Larson@gmail.com,Emma_Goldstein@yahoo.com,1
Alex_Larson@gmail.com,Gabriela_Li@hotmail.com,1
Alex_Larson@gmail.com,Gina_Larson@msn.com,1
Alex_Larson@gmail.com,Jeremy_Carey@msn.com,1
Alex_Larson@gmail.com,Jeremy_Goldstein@hotmail.com,1
Alex_Larson@gmail.com,Jeremy_Parker@msn.com,1
Alex_Larson@gmail.com,Mandy_Wood@msn.com,1
Alex_Larson@gmail.com,Monica_DSouza@msn.com,1
Alex_Larson@gmail.com,Monica_Keit@yahoo.com,1
Alex_Larson@gmail.com,Monica_Lomet@hotmail.com,1
Alex_Larson@gmail.com,Nadir_Karipova@msn.com,1
Alex_Larson@gmail.com,Roger_Larson@yahoo.com,1
Alex_Larson@gmail.com,Sam_Goldstein@yahoo.com,1
Alex_Larson@gmail.com,Sam_Larson@yahoo.com,1
Alex_Larson@gmail.com,Sam_Peterson@hotmail.com,1
Alex_Larson@gmail.com,Tina_Keit@msn.com,1
Alex_Larson@gmail.com,Tom_Wood@msn.com,1
Albert_Smith@msn.com,Alex_Larson@gmail.com,5
Alex_Keit@gmail.com,Alex_Larson@gmail.com,5
Alex_Larson@gmail.com,Betty_Wood@yahoo.com,5
Alex_Larson@gmail.com,Charles_Chrysler@yahoo.com,5
Alex_Larson@gmail.com,Charles_DSouza@gmail.com,5
Alex_Larson@gmail.com,David_Parker@msn.com,5
Alex_Larson@gmail.com,Elena_Chrysler@msn.com,5
Alex_Larson@gmail.com,Elena_Parker@yahoo.com,5
Alex_Larson@gmail.com,Gina_Parker@hotmail.com,5
Alex_Larson@gmail.com,Gina_Smith@msn.com,5
Alex_Larson@gmail.com,Mike_Keit@hotmail.com,5
Alex_Larson@gmail.com,Monica_Keit@yahoo.com,5
Alex_Larson@gmail.com,Monica_Lomet@hotmail.com,5
Alex_Larson@gmail.com,Nadir_Wood@msn.com,5
Alex_Larson@gmail.com,Peter_Keit@msn.com,5
Alex_Larson@gmail.com,Roger_DSouza@yahoo.com,5
Alex_Larson@gmail.com,Sam_Larson@yahoo.com,5
Alex_Larson@gmail.com,Sam_Peterson@hotmail.com,5
Alex_Larson@gmail.com,Sarena_Li@gmail.com,5
Alex_Larson@gmail.com,Tina_Keit@msn.com,5
Alex_Larson@gmail.com,Tom_Carey@msn.com,5
Alex_Larson@gmail.com,Betty_Wood@yahoo.com,9
Alex_Larson@gmail.com,Bruno_Lomet@gmail.com,9
Alex_Larson@gmail.com,Celina_Larson@yahoo.com,9
Alex_Larson@gmail.com,Celina_Toddbridge@gmail.com,9
Alex_Larson@gmail.com,Charles_DSouza@gmail.com,9
Alex_Larson@gmail.com,Charles_Karipova@msn.com,9
Alex_Larson@gmail.com,Charles_Parker@msn.com,9
Alex_Larson@gmail.com,Charles_Peterson@msn.com,9
Alex_Larson@gmail.com,Christy_Lomet@yahoo.com,9
Alex_Larson@gmail.com,Denny_Goldstein@msn.com,9
Alex_Larson@gmail.com,Emma_Goldstein@yahoo.com,9
Alex_Larson@gmail.com,Erie_Karipova@msn.com,9
Alex_Larson@gmail.com,Gabriela_Li@hotmail.com,9
Alex_Larson@gmail.com,Gina_Carey@gmail.com,9
Alex_Larson@gmail.com,Jeremy_Carey@msn.com,9
Alex_Larson@gmail.com,Jeremy_Goldstein@hotmail.com,9
Alex_Larson@gmail.com,John_Wood@yahoo.com,9
Alex_Larson@gmail.com,Monica_Lomet@hotmail.com,9
Alex_Larson@gmail.com,Nadir_Toddbridge@hotmail.com,9
Alex_Larson@gmail.com,Roger_Carey@msn.com,9
Alex_Larson@gmail.com,Roger_Larson@yahoo.com,9
Alex_Larson@gmail.com,Sam_Li@msn.com,9
Alex_Peterson@gmail.com,Alex_Wood@yahoo.com,4
Alex_Peterson@gmail.com,Betty_Wood@yahoo.com,4
Alex_Peterson@gmail.com,Bruno_Karipova@yahoo.com,4
Alex_Peterson@gmail.com,Bruno_Keit@gmail.com,4
Alex_Peterson@gmail.com,Bruno_Li@msn.com,4
Alex_Peterson@gmail.com,Bruno_Lomet@gmail.com,4
Alex_Peterson@gmail.com,Celina_Larson@yahoo.com,4
Alex_Peterson@gmail.com,Charles_Parker@msn.com,4
Alex_Peterson@gmail.com,Christy_Lomet@yahoo.com,4
Alex_Peterson@gmail.com,David_Parker@msn.com,4
Alex_Peterson@gmail.com,Emma_Smith@hotmail.com,4
Alex_Peterson@gmail.com,Gabriela_Li@hotmail.com,4
Alex_Peterson@gmail.com,George_Parker@hotmail.com,4
Alex_Peterson@gmail.com,Gina_Parker@hotmail.com,4
Alex_Peterson@gmail.com,Jeremy_Goldstein@hotmail.com,4
Alex_Peterson@gmail.com,John_Parker@yahoo.com,4
Alex_Peterson@gmail.com,John_Wood@yahoo.com,4
Alex_Peterson@gmail.com,Kitty_Toddbridge@msn.com,4
Alex_Peterson@gmail.com,Mandy_Smith@gmail.com,4
Alex_Peterson@gmail.com,Monica_Keit@yahoo.com,4
Alex_Peterson@gmail.com,Monica_Lomet@hotmail.com,4
Alex_Peterson@gmail.com,Nadir_Li@gmail.com,4
Alex_Peterson@gmail.com,Nadir_Toddbridge@hotmail.com,4
Alex_Peterson@gmail.com,Peter_Karipova@hotmail.com,4
Alex_Peterson@gmail.com,Peter_Keit@msn.com,4
Alex_Peterson@gmail.com,Sam_Helibron@yahoo.com,4
Alex_Peterson@gmail.com,Tom_Wood@msn.com,4
Alex_Carey@gmail.com,Alex_Peterson@gmail.com,6
Alex_Keit@gmail.com,Alex_Peterson@gmail.com,6
Alex_Peterson@gmail.com,Bruno_Keit@gmail.com,6
Alex_Peterson@gmail.com,Bruno_Li@msn.com,6
Alex_Peterson@gmail.com,Bruno_Lomet@gmail.com,6
Alex_Peterson@gmail.com,Bruno_Parker@hotmail.com,6
Alex_Peterson@gmail.com,Charles_Peterson@msn.com,6
Alex_Peterson@gmail.com,David_Parker@msn.com,6
Alex_Peterson@gmail.com,Denny_Karipova@yahoo.com,6
Alex_Peterson@gmail.com,Elena_Chrysler@msn.com,6
Alex_Peterson@gmail.com,Emma_Smith@hotmail.com,6
Alex_Peterson@gmail.com,George_Lomet@msn.com,6
Alex_Peterson@gmail.com,Gina_Carey@gmail.com,6
Alex_Peterson@gmail.com,Mandy_Smith@gmail.com,6
Alex_Peterson@gmail.com,Mandy_Wood@msn.com,6
Alex_Peterson@gmail.com,Mary_Smith@gmail.com,6
Alex_Peterson@gmail.com,Monica_Lomet@hotmail.com,6
Alex_Peterson@gmail.com,Monica_Toddbridge@gmail.com,6
Alex_Peterson@gmail.com,Nadir_Karipova@msn.com,6
Alex_Peterson@gmail.com,Nadir_Wood@msn.com,6
Alex_Peterson@gmail.com,Roger_Lomet@msn.com,6
Alex_Peterson@gmail.com,Sam_Helibron@yahoo.com,6
Alex_Peterson@gmail.com,Sarena_Carey@hotmail.com,6
Alex_Peterson@gmail.com,Tom_Carey@msn.com,6
Alex_Wood@yahoo.com,Betty_Wood@yahoo.com,4
Alex_Wood@yahoo.com,Bruno_Karipova@yahoo.com,4
Alex_Wood@yahoo.com,Bruno_Keit@gmail.com,4
Alex_Wood@yahoo.com,Bruno_Li@msn.com,4
Alex_Wood@yahoo.com,Bruno_Lomet@gmail.com,4
Alex_Wood@yahoo.com,Celina_Larson@yahoo.com,4
Alex_Wood@yahoo.com,Christy_Lomet@yahoo.com,4
Alex_Wood@yahoo.com,David_Parker@msn.com,4
Alex_Wood@yahoo.com,Elena_DSouza@gmail.com,4
Alex_Wood@yahoo.com,Emma_Smith@hotmail.com,4
Alex_Wood@yahoo.com,Gabriela_Li@hotmail.com,4
Alex_Wood@yahoo.com,Gina_Larson@msn.com,4
Alex_Wood@yahoo.com,Gina_Parker@hotmail.com,4
Alex_Wood@yahoo.com,Jeremy_Parker@msn.com,4
Alex_Wood@yahoo.com,John_Parker@yahoo.com,4
Alex_Wood@yahoo.com,John_Wood@yahoo.com,4
Alex_Wood@yahoo.com,Kitty_Toddbridge@msn.com,4
Alex_Wood@yahoo.com,Mandy_Smith@gmail.com,4
Alex_Wood@yahoo.com,Monica_DSouza@msn.com,4
Alex_Wood@yahoo.com,Monica_Keit@yahoo.com,4
Alex_Wood@yahoo.com,Monica_Lomet@hotmail.com,4
Alex_Wood@yahoo.com,Nadir_Goldstein@yahoo.com,4
Alex_Wood@yahoo.com,Nadir_Li@gmail.com,4
Alex_Wood@yahoo.com,Nadir_Toddbridge@hotmail.com,4
Alex_Wood@yahoo.com,Peter_Karipova@hotmail.com,4
Alex_Wood@yahoo.com,Peter_Keit@msn.com,4
Alex_Wood@yahoo.com,Sam_DSouza@msn.com,4
Alex_Wood@yahoo.com,Tom_Wood@msn.com,4
Albert_Helibron@yahoo.com,Betty_Chrysler@yahoo.com,2
Albert_Li@gmail.com,Betty_Chrysler@yahoo.com,2
Betty_Chrysler@yahoo.com,Bruno_Keit@gmail.com,2
Betty_Chrysler@yahoo.com,Bruno_Lomet@gmail.com,2
Betty_Chrysler@yahoo.com,Christy_Li@msn.com,2
Betty_Chrysler@yahoo.com,Denny_Goldstein@msn.com,2
Betty_Chrysler@yahoo.com,Elena_Chrysler@msn.com,2
Betty_Chrysler@yahoo.com,Elena_DSouza@gmail.com,2
Betty_Chrysler@yahoo.com,Emma_DSouza@msn.com,2
Betty_Chrysler@yahoo.com,Emma_Goldstein@yahoo.com,2
Betty_Chrysler@yahoo.com,Emma_Smith@hotmail.com,2
Betty_Chrysler@yahoo.com,Gina_Parker@hotmail.com,2
Betty_Chrysler@yahoo.com,Jeremy_Carey@msn.com,2
Betty_Chrysler@yahoo.com,John_Wood@yahoo.com,2
Betty_Chrysler@yahoo.com,Kitty_Toddbridge@msn.com,2
Betty_Chrysler@yahoo.com,Monica_Toddbridge@gmail.com,2
Betty_Chrysler@yahoo.com,Nadir_Helibron@gmail.com,2
Betty_Chrysler@yahoo.com,Nadir_Li@gmail.com,2
Betty_Chrysler@yahoo.com,Peter_Karipova@hotmail.com,2
Betty_Chrysler@yahoo.com,Roger_Carey@msn.com,2
Betty_Chrysler@yahoo.com,Sam_Helibron@yahoo.com,2
Betty_Chrysler@yahoo.com,Sam_Li@msn.com,2
Betty_Chrysler@yahoo.com,Sarena_DSouza@msn.com,2
Betty_Chrysler@yahoo.com,Sarena_Li@gmail.com,2
Betty_Chrysler@yahoo.com,Tina_Keit@msn.com,2
Betty_Chrysler@yahoo.com,Tom_Wood@msn.com,2
Albert_Smith@msn.com,Betty_Helibron@yahoo.com,3
Betty_Helibron@yahoo.com,Bruno_Karipova@yahoo.com,3
Betty_Helibron@yahoo.com,Bruno_Smith@msn.com,3
Betty_Helibron@yahoo.com,Celina_Parker@gmail.com,3
Betty_Helibron@yahoo.com,Christy_Li@msn.com,3
Betty_Helibron@yahoo.com,Elena_DSouza@gmail.com,3
Betty_Helibron@yahoo.com,Elena_Parker@yahoo.com,3
Betty_Helibron@yahoo.com,Emma_DSouza@msn.com,3
Betty_Helibron@yahoo.com,Erie_DSouza@hotmail.com,3
Betty_Helibron@yahoo.com,George_Smith@hotmail.com,3
Betty_Helibron@yahoo.com,Gina_Carey@gmail.com,3
Betty_Helibron@yahoo.com,Mike_Keit@hotmail.com,3
Betty_Helibron@yahoo.com,Monica_Lomet@hotmail.com,3
Betty_Helibron@yahoo.com,Nadir_Helibron@gmail.com,3
Betty_Helibron@yahoo.com,Nadir_Li@gmail.com,3
Betty_Helibron@yahoo.com,Peter_Keit@msn.com,3
Betty_Helibron@yahoo.com,Roger_Carey@msn.com,3
Betty_Helibron@yahoo.com,Roger_DSouza@yahoo.com,3
Betty_Helibron@yahoo.com,Sam_Helibron@yahoo.com,3
Betty_Helibron@yahoo.com,Sam_Larson@yahoo.com,3
Betty_Helibron@yahoo.com,Tina_Keit@msn.com,3
Albert_Smith@msn.com,Betty_Lomet@yahoo.com,3
Alex_Carey@gmail.com,Betty_Lomet@yahoo.com,3
Betty_Lomet@yahoo.com,Bruno_Smith@msn.com,3
Betty_Lomet@yahoo.com,Celina_Parker@gmail.com,3
Betty_Lomet@yahoo.com,Christy_Li@msn.com,3
Betty_Lomet@yahoo.com,Denny_Goldstein@msn.com,3
Betty_Lomet@yahoo.com,Elena_DSouza@gmail.com,3
Betty_Lomet@yahoo.com,Elena_Parker@yahoo.com,3
Betty_Lomet@yahoo.com,Emma_DSouza@msn.com,3
Betty_Lomet@yahoo.com,Erie_DSouza@hotmail.com,3
Betty_Lomet@yahoo.com,George_Smith@hotmail.com,3
Betty_Lomet@yahoo.com,Gina_Carey@gmail.com,3
Betty_Lomet@yahoo.com,Gina_Smith@msn.com,3
Betty_Lomet@yahoo.com,Mike_Keit@hotmail.com,3
Betty_Lomet@yahoo.com,Monica_Lomet@hotmail.com,3
Betty_Lomet@yahoo.com,Monica_Toddbridge@gmail.com,3
Betty_Lomet@yahoo.com,Nadir_Helibron@gmail.com,3
Betty_Lomet@yahoo.com,Nadir_Li@gmail.com,3
Betty_Lomet@yahoo.com,Peter_Keit@msn.com,3
Betty_Lomet@yahoo.com,Roger_Carey@msn.com,3
Betty_Lomet@yahoo.com,Roger_DSouza@yahoo.com,3
Betty_Lomet@yahoo.com,Sam_Larson@yahoo.com,3
Betty_Wood@yahoo.com,Bruno_Karipova@yahoo.com,4
Betty_Wood@yahoo.com,Bruno_Keit@gmail.com,4
Betty_Wood@yahoo.com,Bruno_Li@msn.com,4
Betty_Wood@yahoo.com,Bruno_Lomet@gmail.com,4
Betty_Wood@yahoo.com,Celina_Larson@yahoo.com,4
Betty_Wood@yahoo.com,Charles_Parker@msn.com,4
Betty_Wood@yahoo.com,Christy_Lomet@yahoo.com,4
Betty_Wood@yahoo.com,Elena_DSouza@gmail.com,4
Betty_Wood@yahoo.com,Gabriela_Li@hotmail.com,4
Betty_Wood@yahoo.com,Gina_Larson@msn.com,4
Betty_Wood@yahoo.com,Gina_Parker@hotmail.com,4
Betty_Wood@yahoo.com,Jeremy_Goldstein@hotmail.com,4
Betty_Wood@yahoo.com,Jeremy_Parker@msn.com,4
Betty_Wood@yahoo.com,John_Parker@yahoo.com,4
Betty_Wood@yahoo.com,John_Wood@yahoo.com,4
Betty_Wood@yahoo.com,Kitty_Toddbridge@msn.com,4
Betty_Wood@yahoo.com,Mandy_Smith@gmail.com,4
Betty_Wood@yahoo.com,Monica_DSouza@msn.com,4
Betty_Wood@yahoo.com,Monica_Keit@yahoo.com,4
Betty_Wood@yahoo.com,Monica_Lomet@hotmail.com,4
Betty_Wood@yahoo.com,Nadir_Goldstein@yahoo.com,4
Betty_Wood@yahoo.com,Nadir_Toddbridge@hotmail.com,4
Betty_Wood@yahoo.com,Peter_Keit@msn.com,4
Betty_Wood@yahoo.com,Sam_Helibron@yahoo.com,4
Betty_Wood@yahoo.com,Tom_Wood@msn.com,4
Alex_Keit@gmail.com,Betty_Wood@yahoo.com,5
Betty_Wood@yahoo.com,Bruno_Li@msn.com,5
Betty_Wood@yahoo.com,Charles_Chrysler@yahoo.com,5
Betty_Wood@yahoo.com,Charles_DSouza@gmail.com,5
Betty_Wood@yahoo.com,Denny_Larson@yahoo.com,5
Betty_Wood@yahoo.com,Elena_Chrysler@msn.com,5
Betty_Wood@yahoo.com,Elena_Parker@yahoo.com,5
Betty_Wood@yahoo.com,Gina_Parker@hotmail.com,5
Betty_Wood@yahoo.com,Gina_Smith@msn.com,5
Betty_Wood@yahoo.com,John_Chrysler@hotmail.com,5
Betty_Wood@yahoo.com,Mike_Keit@hotmail.com,5
Betty_Wood@yahoo.com,Monica_Keit@yahoo.com,5
Betty_Wood@yahoo.com,Monica_Lomet@hotmail.com,5
Betty_Wood@yahoo.com,Nadir_Wood@msn.com,5
Betty_Wood@yahoo.com,Peter_Keit@msn.com,5
Betty_Wood@yahoo.com,Roger_DSouza@yahoo.com,5
Betty_Wood@yahoo.com,Sam_Larson@yahoo.com,5
Betty_Wood@yahoo.com,Sam_Peterson@hotmail.com,5
Betty_Wood@yahoo.com,Sarena_Li@gmail.com,5
Betty_Wood@yahoo.com,Tina_Keit@msn.com,5
Betty_Wood@yahoo.com,Tom_Carey@msn.com,5
Bruno_Karipova@yahoo.com,Charles_Karipova@msn.com,1
Bruno_Karipova@yahoo.com,Charles_Parker@msn.com,1
Bruno_Karipova@yahoo.com,Charles_Peterson@msn.com,1
Bruno_Karipova@yahoo.com,David_Parker@msn.com,1
Bruno_Karipova@yahoo.com,Denny_Goldstein@msn.com,1
Bruno_Karipova@yahoo.com,Denny_Keit@yahoo.com,1
Bruno_Karipova@yahoo.com,Emma_Goldstein@yahoo.com,1
Bruno_Karipova@yahoo.com,Emma_Parker@hotmail.com,1
Bruno_Karipova@yahoo.com,Gabriela_Li@hotmail.com,1
Bruno_Karipova@yahoo.com,George_Parker@hotmail.com,1
Bruno_Karipova@yahoo.com,Gina_Larson@msn.com,1
Bruno_Karipova@yahoo.com,Jeremy_Carey@msn.com,1
Bruno_Karipova@yahoo.com,Jeremy_Goldstein@hotmail.com,1
Bruno_Karipova@yahoo.com,Jeremy_Parker@msn.com,1
Bruno_Karipova@yahoo.com,John_Parker@yahoo.com,1
Bruno_Karipova@yahoo.com,Mandy_Wood@msn.com,1
Bruno_Karipova@yahoo.com,Monica_Keit@yahoo.com,1
Bruno_Karipova@yahoo.com,Monica_Lomet@hotmail.com,1
Bruno_Karipova@yahoo.com,Nadir_Karipova@msn.com,1
Bruno_Karipova@yahoo.com,Sam_Goldstein@yahoo.com,1
Bruno_Karipova@yahoo.com,Sam_Larson@yahoo.com,1
Bruno_Karipova@yahoo.com,Sam_Peterson@hotmail.com,1
Bruno_Karipova@yahoo.com,Tina_Keit@msn.com,1
Bruno_Karipova@yahoo.com,Tom_Wood@msn.com,1
Betty_Wood@yahoo.com,Bruno_Karipova@yahoo.com,8
Bruno_Karipova@yahoo.com,Charles_DSouza@gmail.com,8
Bruno_Karipova@yahoo.com,Charles_Peterson@msn.com,8
Bruno_Karipova@yahoo.com,Christy_Helibron@hotmail.com,8
Bruno_Karipova@yahoo.com,Christy_Li@msn.com,8
Bruno_Karipova@yahoo.com,Christy_Lomet@yahoo.com,8
Bruno_Karipova@yahoo.com,Denny_Karipova@yahoo.com,8
Bruno_Karipova@yahoo.com,Denny_Keit@yahoo.com,8
Bruno_Karipova@yahoo.com,Elena_Chrysler@msn.com,8
Bruno_Karipova@yahoo.com,Gabriela_Li@hotmail.com,8
Bruno_Karipova@yahoo.com,George_Goldstein@gmail.com,8
Bruno_Karipova@yahoo.com,Gina_Helibron@gmail.com,8
Bruno_Karipova@yahoo.com,Gina_Parker@hotmail.com,8
Bruno_Karipova@yahoo.com,Gina_Toddbridge@msn.com,8
Bruno_Karipova@yahoo.com,John_Parker@yahoo.com,8
Bruno_Karipova@yahoo.com,Mandy_Wood@msn.com,8
Bruno_Karipova@yahoo.com,Nadir_Helibron@gmail.com,8
Bruno_Karipova@yahoo.com,Nadir_Wood@msn.com,8
Bruno_Karipova@yahoo.com,Roger_Carey@msn.com,8
Bruno_Karipova@yahoo.com,Roger_Lomet@msn.com,8
Bruno_Karipova@yahoo.com,Sam_DSouza@msn.com,8
Bruno_Karipova@yahoo.com,Sam_Peterson@hotmail.com,8
Bruno_Karipova@yahoo.com,Sarena_Carey@hotmail.com,8
Bruno_Karipova@yahoo.com,Bruno_Keit@gmail.com,4
Bruno_Keit@gmail.com,Bruno_Li@msn.com,4
Bruno_Keit@gmail.com,Bruno_Lomet@gmail.com,4
Bruno_Keit@gmail.com,Celina_Larson@yahoo.com,4
Bruno_Keit@gmail.com,Charles_Parker@msn.com,4
Bruno_Keit@gmail.com,Christy_Lomet@yahoo.com,4
Bruno_Keit@gmail.com,David_Parker@msn.com,4
Bruno_Keit@gmail.com,Elena_DSouza@gmail.com,4
Bruno_Keit@gmail.com,Emma_Smith@hotmail.com,4
Bruno_Keit@gmail.com,Erie_DSouza@hotmail.com,4
Bruno_Keit@gmail.com,Gabriela_Li@hotmail.com,4
Bruno_Keit@gmail.com,George_Parker@hotmail.com,4
Bruno_Keit@gmail.com,Gina_Larson@msn.com,4
Bruno_Keit@gmail.com,Gina_Parker@hotmail.com,4
Bruno_Keit@gmail.com,Jeremy_Goldstein@hotmail.com,4
Bruno_Keit@gmail.com,Jeremy_Parker@msn.com,4
Bruno_Keit@gmail.com,John_Wood@yahoo.com,4
Bruno_Keit@gmail.com,Kitty_Toddbridge@msn.com,4
Bruno_Keit@gmail.com,Monica_DSouza@msn.com,4
Bruno_Keit@gmail.com,Monica_Keit@yahoo.com,4
Bruno_Keit@gmail.com,Monica_Lomet@hotmail.com,4
Bruno_Keit@gmail.com,Nadir_Goldstein@yahoo.com,4
Bruno_Keit@gmail.com,Nadir_Li@gmail.com,4
Bruno_Keit@gmail.com,Peter_Karipova@hotmail.com,4
Bruno_Keit@gmail.com,Sam_DSouza@msn.com,4
Bruno_Keit@gmail.com,Sam_Helibron@yahoo.com,4
Alex_Carey@gmail.com,Bruno_Keit@gmail.com,6
Alex_Keit@gmail.com,Bruno_Keit@gmail.com,6
Bruno_Keit@gmail.com,Bruno_Li@msn.com,6
Bruno_Keit@gmail.com,Bruno_Lomet@gmail.com,6
Bruno_Keit@gmail.com,Bruno_Parker@hotmail.com,6
Bruno_Keit@gmail.com,Charles_Peterson@msn.com,6
Bruno_Keit@gmail.com,David_Parker@msn.com,6
Bruno_Keit@gmail.com,Denny_Karipova@yahoo.com,6
Bruno_Keit@gmail.com,Emma_Goldstein@yahoo.com,6
Bruno_Keit@gmail.com,Emma_Smith@hotmail.com,6
Bruno_Keit@gmail.com,Erie_DSouza@hotmail.com,6
Bruno_Keit@gmail.com,George_Lomet@msn.com,6
Bruno_Keit@gmail.com,Monica_Lomet@hotmail.com,6
Bruno_Keit@gmail.com,Monica_Toddbridge@gmail.com,6
Bruno_Keit@gmail.com,Nadir_Karipova@msn.com,6
Bruno_Keit@gmail.com,Roger_Lomet@msn.com,6
Bruno_Keit@gmail.com,Sam_DSouza@msn.com,6
Bruno_Keit@gmail.com,Sam_Helibron@yahoo.com,6
Bruno_Keit@gmail.com,Sarena_Carey@hotmail.com,6
Bruno_Keit@gmail.com,Sarena_Li@gmail.com,6
Bruno_Keit@gmail.com,Tom_Carey@msn.com,6
Bruno_Karipova@yahoo.com,Bruno_Li@msn.com,4
Bruno_Li@msn.com,Bruno_Lomet@gmail.com,4
Bruno_Li@msn.com,Celina_Larson@yahoo.com,4
Bruno_Li@msn.com,Christy_Lomet@yahoo.com,4
Bruno_Li@msn.com,David_Parker@msn.com,4
Bruno_Li@msn.com,Elena_DSouza@gmail.com,4
Bruno_Li@msn.com,Emma_Smith@hotmail.com,4
Bruno_Li@msn.com,Erie_DSouza@hotmail.com,4
Bruno_Li@msn.com,Gabriela_Li@hotmail.com,4
Bruno_Li@msn.com,George_Parker@hotmail.com,4
Bruno_Li@msn.com,Gina_Larson@msn.com,4
Bruno_Li@msn.com,Gina_Parker@hotmail.com,4
Bruno_Li@msn.com,Jeremy_Goldstein@hotmail.com,4
Bruno_Li@msn.com,Jeremy_Parker@msn.com,4
Bruno_Li@msn.com,John_Parker@yahoo.com,4
Bruno_Li@msn.com,John_Wood@yahoo.com,4
Bruno_Li@msn.com,Kitty_Toddbridge@msn.com,4
Bruno_Li@msn.com,Mandy_Smith@gmail.com,4
Bruno_Li@msn.com,Monica_DSouza@msn.com,4
Bruno_Li@msn.com,Monica_Lomet@hotmail.com,4
Bruno_Li@msn.com,Nadir_Goldstein@yahoo.com,4
Bruno_Li@msn.com,Nadir_Li@gmail.com,4
Bruno_Li@msn.com,Nadir_Toddbridge@hotmail.com,4
Bruno_Li@msn.com,Peter_Keit@msn.com,4
Bruno_Li@msn.com,Sam_DSouza@msn.com,4
Bruno_Li@msn.com,Tom_Wood@msn.com,4
Alex_Keit@gmail.com,Bruno_Li@msn.com,5
Bruno_Li@msn.com,Charles_Chrysler@yahoo.com,5
Bruno_Li@msn.com,Charles_DSouza@gmail.com,5
Bruno_Li@msn.com,David_Parker@msn.com,5
Bruno_Li@msn.com,Denny_Larson@yahoo.com,5
Bruno_Li@msn.com,Elena_Chrysler@msn.com,5
Bruno_Li@msn.com,George_Lomet@msn.com,5
Bruno_Li@msn.com,Gina_Parker@hotmail.com,5
Bruno_Li@msn.com,Gina_Smith@msn.com,5
Bruno_Li@msn.com,John_Chrysler@hotmail.com,5
Bruno_Li@msn.com,Mike_Keit@hotmail.com,5
Bruno_Li@msn.com,Monica_Lomet@hotmail.com,5
Bruno_Li@msn.com,Nadir_Wood@msn.com,5
Bruno_Li@msn.com,Peter_Keit@msn.com,5
Bruno_Li@msn.com,Roger_DSouza@yahoo.com,5
Bruno_Li@msn.com,Sam_Larson@yahoo.com,5
Bruno_Li@msn.com,Sam_Peterson@hotmail.com,5
Bruno_Li@msn.com,Sarena_Li@gmail.com,5
Bruno_Li@msn.com,Tom_Carey@msn.com,5
Alex_Carey@gmail.com,Bruno_Li@msn.com,6
Alex_Keit@gmail.com,Bruno_Li@msn.com,6
Bruno_Li@msn.com,Bruno_Lomet@gmail.com,6
Bruno_Li@msn.com,Charles_Peterson@msn.com,6
Bruno_Li@msn.com,David_Parker@msn.com,6
Bruno_Li@msn.com,Denny_Karipova@yahoo.com,6
Bruno_Li@msn.com,Elena_Chrysler@msn.com,6
Bruno_Li@msn.com,Emma_Goldstein@yahoo.com,6
Bruno_Li@msn.com,Emma_Smith@hotmail.com,6
Bruno_Li@msn.com,Erie_DSouza@hotmail.com,6
Bruno_Li@msn.com,George_Lomet@msn.com,6
Bruno_Li@msn.com,Gina_Carey@gmail.com,6
Bruno_Li@msn.com,Mandy_Smith@gmail.com,6
Bruno_Li@msn.com,Mandy_Wood@msn.com,6
Bruno_Li@msn.com,Mary_Smith@gmail.com,6
Bruno_Li@msn.com,Monica_Lomet@hotmail.com,6
Bruno_Li@msn.com,Monica_Toddbridge@gmail.com,6
Bruno_Li@msn.com,Nadir_Karipova@msn.com,6
Bruno_Li@msn.com,Nadir_Wood@msn.com,6
Bruno_Li@msn.com,Roger_Lomet@msn.com,6
Bruno_Li@msn.com,Sam_DSouza@msn.com,6
Bruno_Li@msn.com,Sarena_Carey@hotmail.com,6
Bruno_Li@msn.com,Sarena_Li@gmail.com,6
Bruno_Li@msn.com,Tom_Carey@msn.com,6
Albert_Li@gmail.com,Bruno_Lomet@gmail.com,2
Alex_Carey@gmail.com,Bruno_Lomet@gmail.com,2
Bruno_Keit@gmail.com,Bruno_Lomet@gmail.com,2
Bruno_Lomet@gmail.com,Bruno_Smith@msn.com,2
Bruno_Lomet@gmail.com,Celina_Parker@gmail.com,2
Bruno_Lomet@gmail.com,Christy_Li@msn.com,2
Bruno_Lomet@gmail.com,Elena_Chrysler@msn.com,2
Bruno_Lomet@gmail.com,Elena_DSouza@gmail.com,2
Bruno_Lomet@gmail.com,Emma_DSouza@msn.com,2
Bruno_Lomet@gmail.com,Emma_Goldstein@yahoo.com,2
Bruno_Lomet@gmail.com,Emma_Smith@hotmail.com,2
Bruno_Lomet@gmail.com,Jeremy_Carey@msn.com,2
Bruno_Lomet@gmail.com,Kitty_Toddbridge@msn.com,2
Bruno_Lomet@gmail.com,Monica_Toddbridge@gmail.com,2
Bruno_Lomet@gmail.com,Nadir_Helibron@gmail.com,2
Bruno_Lomet@gmail.com,Nadir_Li@gmail.com,2
Bruno_Lomet@gmail.com,Peter_Karipova@hotmail.com,2
Bruno_Lomet@gmail.com,Sam_Li@msn.com,2
Bruno_Lomet@gmail.com,Sarena_Carey@hotmail.com,2
Bruno_Lomet@gmail.com,Sarena_DSouza@msn.com,2
Bruno_Lomet@gmail.com,Sarena_Li@gmail.com,2
Bruno_Karipova@yahoo.com,Bruno_Lomet@gmail.com,4
Bruno_Lomet@gmail.com,Celina_Larson@yahoo.com,4
Bruno_Lomet@gmail.com,Christy_Lomet@yahoo.com,4
Bruno_Lomet@gmail.com,David_Parker@msn.com,4
Bruno_Lomet@gmail.com,Elena_DSouza@gmail.com,4
Bruno_Lomet@gmail.com,Emma_Smith@hotmail.com,4
Bruno_Lomet@gmail.com,Erie_DSouza@hotmail.com,4
Bruno_Lomet@gmail.com,Gabriela_Li@hotmail.com,4
Bruno_Lomet@gmail.com,George_Parker@hotmail.com,4
Bruno_Lomet@gmail.com,Gina_Larson@msn.com,4
Bruno_Lomet@gmail.com,Jeremy_Goldstein@hotmail.com,4
Bruno_Lomet@gmail.com,Jeremy_Parker@msn.com,4
Bruno_Lomet@gmail.com,John_Parker@yahoo.com,4
Bruno_Lomet@gmail.com,Kitty_Toddbridge@msn.com,4
Bruno_Lomet@gmail.com,Mandy_Smith@gmail.com,4
Bruno_Lomet@gmail.com,Monica_DSouza@msn.com,4
Bruno_Lomet@gmail.com,Monica_Keit@yahoo.com,4
Bruno_Lomet@gmail.com,Nadir_Goldstein@yahoo.com,4
Bruno_Lomet@gmail.com,Nadir_Li@gmail.com,4
Bruno_Lomet@gmail.com,Nadir_Toddbridge@hotmail.com,4
Bruno_Lomet@gmail.com,Peter_Karipova@hotmail.com,4
Bruno_Lomet@gmail.com,Peter_Keit@msn.com,4
Bruno_Lomet@gmail.com,Sam_DSouza@msn.com,4
Betty_Wood@yahoo.com,Bruno_Lomet@gmail.com,9
Bruno_Lomet@gmail.com,Bruno_Parker@hotmail.com,9
Bruno_Lomet@gmail.com,Celina_Larson@yahoo.com,9
Bruno_Lomet@gmail.com,Celina_Toddbridge@gmail.com,9
Bruno_Lomet@gmail.com,Charles_DSouza@gmail.com,9
Bruno_Lomet@gmail.com,Charles_Karipova@msn.com,9
Bruno_Lomet@gmail.com,Charles_Peterson@msn.com,9
Bruno_Lomet@gmail.com,Christy_Lomet@yahoo.com,9
Bruno_Lomet@gmail.com,Emma_Goldstein@yahoo.com,9
Bruno_Lomet@gmail.com,Erie_Karipova@msn.com,9
Bruno_Lomet@gmail.com,Gabriela_Li@hotmail.com,9
Bruno_Lomet@gmail.com,George_Goldstein@gmail.com,9
Bruno_Lomet@gmail.com,Gina_Carey@gmail.com,9
Bruno_Lomet@gmail.com,Jeremy_Carey@msn.com,9
Bruno_Lomet@gmail.com,Jeremy_Goldstein@hotmail.com,9
Bruno_Lomet@gmail.com,Kitty_Helibron@hotmail.com,9
Bruno_Lomet@gmail.com,Mary_Smith@gmail.com,9
Bruno_Lomet@gmail.com,Nadir_Toddbridge@hotmail.com,9
Bruno_Lomet@gmail.com,Sam_Li@msn.com,9
Bruno_Lomet@gmail.com,Sarena_Carey@hotmail.com,9
Albert_Larson@hotmail.com,Bruno_Parker@hotmail.com,1
Albert_Li@gmail.com,Bruno_Parker@hotmail.com,1
Alex_Larson@gmail.com,Bruno_Parker@hotmail.com,1
Alex_Peterson@gmail.com,Bruno_Parker@hotmail.com,1
Bruno_Karipova@yahoo.com,Bruno_Parker@hotmail.com,1
Bruno_Parker@hotmail.com,Charles_Karipova@msn.com,1
Bruno_Parker@hotmail.com,Charles_Parker@msn.com,1
Bruno_Parker@hotmail.com,Charles_Peterson@msn.com,1
Bruno_Parker@hotmail.com,David_Parker@msn.com,1
Bruno_Parker@hotmail.com,Denny_Goldstein@msn.com,1
Bruno_Parker@hotmail.com,Elena_DSouza@gmail.com,1
Bruno_Parker@hotmail.com,Emma_Goldstein@yahoo.com,1
Bruno_Parker@hotmail.com,Emma_Parker@hotmail.com,1
Bruno_Parker@hotmail.com,Gabriela_Li@hotmail.com,1
Bruno_Parker@hotmail.com,George_Parker@hotmail.com,1
Bruno_Parker@hotmail.com,Jeremy_Carey@msn.com,1
Bruno_Parker@hotmail.com,Jeremy_Goldstein@hotmail.com,1
Bruno_Parker@hotmail.com,Jeremy_Parker@msn.com,1
Bruno_Parker@hotmail.com,John_Parker@yahoo.com,1
Bruno_Parker@hotmail.com,Mandy_Wood@msn.com,1
Bruno_Parker@hotmail.com,Monica_DSouza@msn.com,1
Bruno_Parker@hotmail.com,Monica_Keit@yahoo.com,1
Bruno_Parker@hotmail.com,Monica_Lomet@hotmail.com,1
Bruno_Parker@hotmail.com,Nadir_Karipova@msn.com,1
Bruno_Parker@hotmail.com,Nadir_Li@gmail.com,1
Bruno_Parker@hotmail.com,Roger_Larson@yahoo.com,1
Bruno_Parker@hotmail.com,Sam_Goldstein@yahoo.com,1
Bruno_Parker@hotmail.com,Sam_Larson@yahoo.com,1
Bruno_Parker@hotmail.com,Sam_Peterson@hotmail.com,1
Bruno_Parker@hotmail.com,Tina_Keit@msn.com,1
Bruno_Parker@hotmail.com,Tom_Wood@msn.com,1
Albert_Carey@msn.com,Bruno_Parker@hotmail.com,9
Alex_Larson@gmail.com,Bruno_Parker@hotmail.com,9
Bruno_Parker@hotmail.com,Celina_Larson@yahoo.com,9
Bruno_Parker@hotmail.com,Celina_Toddbridge@gmail.com,9
Bruno_Parker@hotmail.com,Charles_DSouza@gmail.com,9
Bruno_Parker@hotmail.com,Charles_Karipova@msn.com,9
Bruno_Parker@hotmail.com,Charles_Parker@msn.com,9
Bruno_Parker@hotmail.com,Charles_Peterson@msn.com,9
Bruno_Parker@hotmail.com,Christy_Lomet@yahoo.com,9
Bruno_Parker@hotmail.com,Denny_Goldstein@msn.com,9
Bruno_Parker@hotmail.com,Emma_Goldstein@yahoo.com,9
Bruno_Parker@hotmail.com,Erie_Karipova@msn.com,9
Bruno_Parker@hotmail.com,Gabriela_Li@hotmail.com,9
